Fiscal Year,LEA ID,LEA Name,School Entity ID,School Name,County,Charter,Subgroup,Dropout Rate
2021,85540,"Academy of Building Industries, Inc.",85541,Academy of Building Industries,Mohave,Y,All,13.91
2021,90878,"Academy of Mathematics and Science South, Inc.",1000378,Academy of Math and Science Avondale,Maricopa,Y,All,5.82
2021,90878,"Academy of Mathematics and Science South, Inc.",1000119,Academy of Math and Science Glendale,Maricopa,Y,All,15.14
2021,90878,"Academy of Mathematics and Science South, Inc.",1000118,Academy of Math and Science Peoria Advanced,Maricopa,Y,All,10.49
2021,92768,"Academy of Mathematics and Science, Inc.",92769,Academy of Math and Science Camelback,Maricopa,Y,All,4.74
2021,79213,Academy with Community Partners  Inc,10795,Academy with Community Partners,Maricopa,Y,All,21.9
2021,4297,"Accelerated Learning Center, Inc.",5462,Accelerated Learning Center,Maricopa,Y,All,7.43
2021,4289,Agua Fria Union High School District,5454,Agua Fria High School,Maricopa,N,All,3.55
2021,4289,Agua Fria Union High School District,932049,Canyon View High School,Maricopa,N,All,2
2021,4289,Agua Fria Union High School District,79799,Desert Edge High School,Maricopa,N,All,2.22
2021,4289,Agua Fria Union High School District,78926,Millennium High School,Maricopa,N,All,2.93
2021,4289,Agua Fria Union High School District,87903,Verrado High School,Maricopa,N,All,2
2021,79053,AIBT Non-Profit Charter High School - Phoenix,79123,Career and College Prep,Maricopa,Y,All,24.31
2021,4409,Ajo Unified District,6292,Ajo High School,Pima,N,All,9.09
2021,4280,Alhambra Elementary District,5384,Barcelona Elementary School,Maricopa,N,All,3.85
2021,4280,Alhambra Elementary District,5391,Choice Learning Academy,Maricopa,N,All,5.78
2021,4280,Alhambra Elementary District,5387,Granada Elementary School-East Campus,Maricopa,N,All,2.44
2021,4418,Altar Valley Elementary District,5859,Altar Valley Middle School,Pima,N,All,10.29
2021,80995,American Charter Schools Foundation d.b.a. Alta Vista High School,80996,Alta Vista High School,Pima,Y,All,2.55
2021,79883,American Charter Schools Foundation d.b.a. Apache Trail High School,6346,Apache Trail High School,Pinal,Y,All,26.25
2021,79874,American Charter Schools Foundation d.b.a. Crestview College Preparatory High Sc,78813,Crestview College Preparatory High School,Maricopa,Y,All,38.29
2021,79872,American Charter Schools Foundation d.b.a. Desert Hills High School,78901,Desert Hills High School,Maricopa,Y,All,20.63
2021,79873,American Charter Schools Foundation d.b.a. Estrella High School,78900,Estrella High School,Maricopa,Y,All,28.43
2021,79875,American Charter Schools Foundation d.b.a. Peoria Accelerated High School,78817,Peoria Accelerated High School,Maricopa,Y,All,29.09
2021,80989,American Charter Schools Foundation d.b.a. South Pointe High School,80990,South Pointe High School,Maricopa,Y,All,28.3
2021,88334,American Charter Schools Foundation d.b.a. South Ridge High School,88335,South Ridge High School,Maricopa,Y,All,5.25
2021,79877,American Charter Schools Foundation d.b.a. Sun Valley High School,6347,Sun Valley High School,Maricopa,Y,All,36.76
2021,79879,American Charter Schools Foundation d.b.a. West Phoenix High School,6348,West Phoenix High School,Maricopa,Y,All,33.73
2021,4348,"American Leadership Academy, Inc.",509281,"American Leadership Academy, Gilbert North K-12",Maricopa,Y,All,2
2021,4348,"American Leadership Academy, Inc.",90769,"American Leadership Academy, Queen Creek K-12",Maricopa,Y,All,2
2021,79461,American Virtual Academy,81178,Primavera - Online,Maricopa,Y,All,11.9
2021,4406,Amphitheater Unified District,91755,Amphi Academy Online,Pima,N,All,7.05
2021,4406,Amphitheater Unified District,6055,Amphitheater High School,Pima,N,All,10.86
2021,4406,Amphitheater Unified District,5805,Amphitheater Middle School,Pima,N,All,6.31
2021,4406,Amphitheater Unified District,5808,Canyon Del Oro High School,Pima,N,All,2
2021,4406,Amphitheater Unified District,5799,Coronado K-8 School,Pima,N,All,4.64
2021,4406,Amphitheater Unified District,79378,Ironwood Ridge High School,Pima,N,All,2
2021,4406,Amphitheater Unified District,5804,La Cima Middle School,Pima,N,All,6.65
2021,4406,Amphitheater Unified District,5806,Lawrence W Cross Middle School,Pima,N,All,3.27
2021,4443,Apache Junction Unified District,5923,Cactus Canyon Junior High,Pinal,N,All,3.04
2021,4346,"Arizona Call-a-Teen Youth Resources, Inc.",5520,City View High School,Maricopa,Y,All,21.19
2021,87407,"Arizona Connections Academy Charter School, Inc.",81179,Arizona Connections Academy,Maricopa,Y,All,3.64
2021,90758,Arizona Education Solutions,91184,Astravo Online Academy,Maricopa,Y,All,12.39
2021,90758,Arizona Education Solutions,91246,Astravo Online Academy,Maricopa,Y,All,18.17
2021,346763,ASU Preparatory Academy,92248,ASU Preparatory Academy - South Phoenix High School,Maricopa,Y,All,4.65
2021,91303,ASU Preparatory Academy,91304,ASU Preparatory Academy- Phoenix High School,Maricopa,Y,All,7.81
2021,522074,ASU Preparatory Academy Digital,860177,ASU Preparatory Academy Digital,Maricopa,Y,All,3.59
2021,4272,Avondale Elementary District,91985,Avondale Middle School,Maricopa,N,All,3.19
2021,79929,Avondale Learning dba Precision Academy,80006,Precision Academy,Maricopa,Y,All,23.33
2021,89869,"AZ Compass Schools, Inc.",89870,AZ Compass Prep School,Maricopa,Y,All,4.2
2021,4508,Az-Tec High School,6192,AZTEC High School,Yuma,Y,All,28.42
2021,4412,Baboquivari Unified School District #40,90822,Alternative High School (Indian Oasis High School),Pima,N,All,29.35
2021,4412,Baboquivari Unified School District #40,5847,Baboquivari High School,Pima,N,All,11.65
2021,4412,Baboquivari Unified School District #40,5846,Baboquivari Middle School,Pima,N,All,10.39
2021,4268,Balsz Elementary District,5319,Pat Tillman Middle School,Maricopa,N,All,6.22
2021,4355,Benjamin Franklin Charter School - Queen Creek,92270,Benjamin Franklin High School,Maricopa,Y,All,2
2021,4169,Bisbee Unified District,4754,Bisbee High School,Cochise,N,All,12.35
2021,4397,Blue Ridge Unified School District No. 32,5648,Blue Ridge High School,Navajo,N,All,7.97
2021,81041,Blueprint Education,81042,Hope High School,Maricopa,Y,All,32.73
2021,81041,Blueprint Education,81182,Hope High School Online,Maricopa,Y,All,23.9
2021,4284,Buckeye Union High School District,5424,Buckeye Union High School,Maricopa,N,All,3.52
2021,4284,Buckeye Union High School District,91826,BUHSD Institute of Online Learning,Maricopa,N,All,17.74
2021,4284,Buckeye Union High School District,79376,Estrella Foothills High School,Maricopa,N,All,2.43
2021,4284,Buckeye Union High School District,89573,Youngker High School,Maricopa,N,All,3.15
2021,4378,Bullhead City School District,6048,Fox Creek Jr High School,Mohave,N,All,2.11
2021,90327,"CAFA, Inc. dba Learning Foundation and Performing Arts Gilbert",88289,Learning Foundation and Performing Arts Gilbert,Maricopa,Y,All,2.17
2021,4470,Camp Verde Unified District,6100,Camp Verde High School,Yavapai,N,All,3.8
2021,4470,Camp Verde Unified District,6099,Camp Verde Middle School,Yavapai,N,All,4.1
2021,4470,Camp Verde Unified District,1000257,Camp Verde Online,Yavapai,N,All,17.62
2021,81029,"Canyon Rose Academy, Inc.",81030,Canyon Rose Academy,Pima,Y,All,28.51
2021,81029,"Canyon Rose Academy, Inc.",605648,Canyon Rose Academy-East,Pima,Y,All,17.68
2021,4400,"Career Development, Inc.",5652,Northern AZ Academy for Career Dev. - Taylor,Navajo,Y,All,26.51
2021,79047,Career Success Schools,80025,Career Success Schools - STEM Academy 7-12,Maricopa,Y,All,5.7
2021,79047,Career Success Schools,80430,Robert L. Duffy High School,Maricopa,Y,All,48
2021,79047,Career Success Schools,79129,Tech Campus,Maricopa,Y,All,17.71
2021,4282,Cartwright Elementary District,5406,Desert Sands Middle School,Maricopa,N,All,2.37
2021,4282,Cartwright Elementary District,5411,Estrella Middle School,Maricopa,N,All,2.74
2021,4282,Cartwright Elementary District,78980,Marc T. Atkinson Middle School,Maricopa,N,All,2
2021,4282,Cartwright Elementary District,89955,Raul H. Castro Middle School,Maricopa,N,All,2
2021,4446,Casa Grande Elementary District,79692,Cactus Middle School,Pinal,N,All,3.25
2021,4446,Casa Grande Elementary District,5934,Casa Grande Middle School,Pinal,N,All,4.68
2021,4446,Casa Grande Elementary District,89579,Villago Middle School,Pinal,N,All,3.65
2021,4453,Casa Grande Union High School District,5948,Casa Grande Union High School,Pinal,N,All,8.17
2021,4453,Casa Grande Union High School District,90084,Vista Grande High School,Pinal,N,All,8.88
2021,4410,Catalina Foothills Unified District,5839,Catalina Foothills High School,Pima,N,All,2.52
2021,4410,Catalina Foothills Unified District,5837,Esperero Canyon Middle School,Pima,N,All,3.28
2021,4244,Cave Creek Unified District,5137,Cactus Shadows High School,Maricopa,N,All,2
2021,4191,"Center for Academic Success, Inc.",4801,Center for Academic Success #1 - Sierra Vista 9-12,Cochise,Y,All,11.11
2021,4242,Chandler Unified District #80,79633,Basha High School,Maricopa,N,All,2
2021,4242,Chandler Unified District #80,5127,Chandler High School,Maricopa,N,All,3.27
2021,4242,Chandler Unified District #80,91282,Chandler Online Academy,Maricopa,N,All,2
2021,4242,Chandler Unified District #80,92892,Dr. Camille Casteel High School,Maricopa,N,All,2
2021,4242,Chandler Unified District #80,6015,Hamilton High School,Maricopa,N,All,2
2021,4242,Chandler Unified District #80,5123,John M Andersen Jr High School,Maricopa,N,All,2
2021,4242,Chandler Unified District #80,89613,Perry High School,Maricopa,N,All,2
2021,4242,Chandler Unified District #80,87519,Willie & Coy Payne Jr. High,Maricopa,N,All,2
2021,4242,Chandler Unified District #80,5110,Willis Junior High School,Maricopa,N,All,2
2021,4158,Chinle Unified District,4737,Chinle High School,Apache,N,All,8.27
2021,4158,Chinle Unified District,4731,Chinle Junior High School,Apache,N,All,8.01
2021,4158,Chinle Unified District,4735,Tsaile Elementary School,Apache,N,All,11.57
2021,4474,Chino Valley Unified District,6110,Chino Valley High School,Yavapai,N,All,3.5
2021,10386,Coconino County Accommodation School District,1001242,CCASD Online Instruction,Coconino,N,All,60.87
2021,10386,Coconino County Accommodation School District,85842,Ponderosa High School,Coconino,N,All,27.88
2021,10386,Coconino County Accommodation School District,81127,Tse'yaato' High School,Coconino,N,All,26.39
2021,4370,Colorado City Unified District,5567,El Capitan Public School,Mohave,N,All,10.46
2021,4381,Colorado River Union High School District,90858,CRUHSD Academy,Mohave,N,All,28.28
2021,4381,Colorado River Union High School District,5592,Mohave High School,Mohave,N,All,2.95
2021,4381,Colorado River Union High School District,5593,River Valley High School,Mohave,N,All,2.65
2021,79467,"Compass High School, Inc.",79468,Compass High School,Pima,Y,All,17.26
2021,4442,Coolidge Unified District,92608,Coolidge Alternative Program,Pinal,N,All,25.83
2021,4442,Coolidge Unified District,5916,Coolidge High School,Pinal,N,All,7.36
2021,4442,Coolidge Unified District,5914,Coolidge Jr. High School,Pinal,N,All,9.18
2021,79077,"Cornerstone Charter School,Inc",79099,Cornerstone Charter School,Maricopa,Y,All,25.83
2021,4487,Cottonwood-Oak Creek Elementary District,1000158,Cottonwood Community School,Yavapai,N,All,7.06
2021,90331,CPLC Community Schools dba Hiaki High School,87412,Envision High School,Pima,Y,All,29.91
2021,80032,CPLC Community Schools dba Toltecalli High School,80033,Toltecali High School,Pima,Y,All,34.8
2021,4501,Crane Elementary District,78935,Centennial Middle School,Yuma,N,All,2.3
2021,4501,Crane Elementary District,6172,Crane Middle School,Yuma,N,All,2.54
2021,4246,Deer Valley Unified District,5162,Barry Goldwater High School,Maricopa,N,All,4.34
2021,4246,Deer Valley Unified District,85850,Boulder Creek High School,Maricopa,N,All,2
2021,4246,Deer Valley Unified District,5161,Deer Valley High School,Maricopa,N,All,2.62
2021,4246,Deer Valley Unified District,79414,Deer Valley Online Learning Program,Maricopa,N,All,2
2021,4246,Deer Valley Unified District,5163,Mountain Ridge High School,Maricopa,N,All,2
2021,79441,"Desert Rose Academy,Inc.",79442,Desert Rose Academy Charter School,Pima,Y,All,29.15
2021,4174,Douglas Unified District,4773,Douglas High School,Cochise,N,All,5.43
2021,4174,Douglas Unified District,4771,Paul H Huber Jr High School,Cochise,N,All,3.53
2021,4174,Douglas Unified District,4770,Ray Borane Middle School,Cochise,N,All,3.59
2021,4243,Dysart Unified District,5133,Dysart High School,Maricopa,N,All,2
2021,4243,Dysart Unified District,90875,Dysart iSchool,Maricopa,N,All,2.12
2021,4243,Dysart Unified District,90134,Shadow Ridge High School,Maricopa,N,All,2
2021,4243,Dysart Unified District,88417,Valley Vista High School,Maricopa,N,All,2
2021,4243,Dysart Unified District,81113,Willow Canyon High School,Maricopa,N,All,2
2021,78833,"Eastpointe High School, Inc.",78836,Eastpointe High School,Pima,Y,All,44.93
2021,4421,"Edge School, Inc., The",5860,Edge High School - Himmel Park,Pima,Y,All,29.05
2021,4421,"Edge School, Inc., The",80928,EDGE High School - Northwest,Pima,Y,All,35.71
2021,79981,"Edkey, Inc. - Arizona Conservatory for Arts and Academics",79982,Arizona Conservatory for Arts and Academics,Maricopa,Y,All,5.61
2021,6446,"Edkey, Inc. - Sequoia Charter School",10849,Sequoia Secondary School,Maricopa,Y,All,7.2
2021,4329,"Edkey, Inc. - Sequoia Choice Schools",5500,Sequoia Choice School Arizona Distance Learning School,Maricopa,Y,All,11.84
2021,92226,"Edkey, Inc. - Sequoia Pathway Academy",90377,Sequoia Pathway Academy,Maricopa,Y,All,5.7
2021,81052,"Edkey, Inc. - Sequoia Ranch School",89920,Children First Leadership Academy,Maricopa,Y,All,31.15
2021,90201,Educational Options Foundation,90844,EdOptions HS Learning Center,Maricopa,Y,All,11.44
2021,90201,Educational Options Foundation,90202,EdOptions Preparatory Academy,Maricopa,Y,All,29.27
2021,79059,"E-Institute Charter Schools, Inc.",90768,E-Institute at Buckeye,Maricopa,Y,All,18.45
2021,79059,"E-Institute Charter Schools, Inc.",81143,E-Institute at Surprise,Maricopa,Y,All,13.81
2021,79059,"E-Institute Charter Schools, Inc.",90815,E-Institute at Taylion,Maricopa,Y,All,6.77
2021,79059,"E-Institute Charter Schools, Inc.",79117,E-Institute at Union Hills,Maricopa,Y,All,10.58
2021,91277,Empower College Prep,92975,Empower College Prep High School,Maricopa,Y,All,3.38
2021,4335,Espiritu Community Development Corp.,5507,NFL YET College Prep Academy,Maricopa,Y,All,4.38
2021,4192,Flagstaff Unified District,4820,Coconino High School,Coconino,N,All,5.41
2021,4192,Flagstaff Unified District,4819,Flagstaff High School,Coconino,N,All,2.76
2021,4192,Flagstaff Unified District,4817,Mount Elden Middle School,Coconino,N,All,3.18
2021,4192,Flagstaff Unified District,230656,Northern Arizona Distance Learning,Coconino,N,All,14.94
2021,4192,Flagstaff Unified District,90191,Sinagua Middle School,Coconino,N,All,2.12
2021,4192,Flagstaff Unified District,4803,Summit High School,Coconino,N,All,16.67
2021,4437,Florence Unified School District,5897,Florence High School,Pinal,N,All,2.53
2021,4437,Florence Unified School District,90781,Florence Virtual Academy,Pinal,N,All,2
2021,4437,Florence Unified School District,92280,Mountain Vista Academy,Pinal,N,All,8.16
2021,4437,Florence Unified School District,90309,Poston Butte High School,Pinal,N,All,2
2021,4437,Florence Unified School District,89907,San Tan Foothills High School,Pinal,N,All,2.05
2021,4405,Flowing Wells Unified District,91832,Flowing Wells Digital Campus,Pima,N,All,6.11
2021,4405,Flowing Wells Unified District,5791,Flowing Wells High School,Pima,N,All,2.58
2021,4405,Flowing Wells Unified District,5790,Flowing Wells Junior High School,Pima,N,All,4.14
2021,4221,Fort Thomas Unified District,90064,Mt. Turnbull Academy,Graham,N,All,53.19
2021,4247,Fountain Hills Unified District,5167,Fountain Hills High School,Maricopa,N,All,4.14
2021,4273,Fowler Elementary District,1001180,Fowler Elementary School District Virtual Academy,Maricopa,N,All,2.12
2021,4195,Fredonia-Moccasin Unified District,4828,Fredonia High School,Coconino,N,All,11.43
2021,4157,Ganado Unified School District,4728,Ganado High School,Apache,N,All,8.5
2021,4157,Ganado Unified School District,4727,Ganado Middle School,Apache,N,All,12.08
2021,78997,"GAR, LLC dba Student Choice High School",79022,Student Choice High School,Maricopa,Y,All,14
2021,78997,"GAR, LLC dba Student Choice High School",90737,Student Choice High School,Maricopa,Y,All,18.43
2021,4332,"Genesis Program, Inc.",5504,Genesis Academy,Maricopa,Y,All,26.58
2021,4238,Gila Bend Unified District,5019,Gila Bend High School,Maricopa,N,All,6.09
2021,4239,Gilbert Unified District,90124,Campo Verde High School,Maricopa,N,All,2
2021,4239,Gilbert Unified District,79823,Desert Ridge High,Maricopa,N,All,2
2021,4239,Gilbert Unified District,5039,Gilbert High School,Maricopa,N,All,2
2021,4239,Gilbert Unified District,91209,GPS Global Academy,Maricopa,N,All,3.66
2021,4239,Gilbert Unified District,5040,Highland High School,Maricopa,N,All,2
2021,4239,Gilbert Unified District,6007,Mesquite High School,Maricopa,N,All,2.02
2021,4239,Gilbert Unified District,5021,Mesquite Jr High School,Maricopa,N,All,2
2021,4271,Glendale Elementary District,5342,Challenger Middle School,Maricopa,N,All,5.34
2021,4271,Glendale Elementary District,5337,Don Mensendick School,Maricopa,N,All,3.5
2021,4285,Glendale Union High School District,5429,Cortez High School,Maricopa,N,All,3.11
2021,4285,Glendale Union High School District,5426,Glendale High School,Maricopa,N,All,3.45
2021,4285,Glendale Union High School District,5435,Glendale Union High School District Online Learning Academy,Maricopa,N,All,26.16
2021,4285,Glendale Union High School District,794564,Glendale Union Online,Maricopa,N,All,35.28
2021,4285,Glendale Union High School District,5434,Independence High School,Maricopa,N,All,2
2021,4285,Glendale Union High School District,5430,Moon Valley High School,Maricopa,N,All,2
2021,4285,Glendale Union High School District,5427,Sunnyslope High School,Maricopa,N,All,2
2021,4285,Glendale Union High School District,5432,Thunderbird High School,Maricopa,N,All,2
2021,4285,Glendale Union High School District,5428,Washington High School,Maricopa,N,All,2
2021,4208,Globe Unified District,4855,Globe High School,Gila,N,All,5.71
2021,4208,Globe Unified District,85831,High Desert Middle School,Gila,N,All,5.46
2021,92520,"Heritage Academy Laveen, Inc.",92521,Heritage Academy Laveen,Maricopa,Y,All,2.53
2021,4248,Higley Unified School District,92259,Cooley Middle School,Maricopa,N,All,2
2021,4248,Higley Unified School District,79374,Higley High School,Maricopa,N,All,2
2021,4248,Higley Unified School District,89581,Williams Field High School,Maricopa,N,All,2
2021,4389,Holbrook Unified District,5610,Holbrook High School,Navajo,N,All,10.72
2021,4389,Holbrook Unified District,5609,Holbrook Junior High School,Navajo,N,All,5.87
2021,4337,"Humanities and Sciences Academy of the United States, Inc.",79042,International Commerce High School - Tempe,Maricopa,Y,All,15.86
2021,4469,Humboldt Unified District,6097,Bradshaw Mountain High School,Yavapai,N,All,6.81
2021,4469,Humboldt Unified District,87536,Bradshaw Mountain Online Academy,Yavapai,N,All,12.37
2021,4469,Humboldt Unified District,6092,Glassford Hill Middle School,Yavapai,N,All,5.98
2021,89563,"Imagine Desert West Middle, Inc.",89564,Imagine Desert West Middle,Maricopa,Y,All,3.52
2021,90034,"Imagine Prep Coolidge, Inc.",90035,Imagine Prep Coolidge,Maricopa,Y,All,7.69
2021,89788,"Imagine Prep Superstition, Inc.",89789,Imagine Prep Superstition,Maricopa,Y,All,9.09
2021,4352,"Intelli-School, Inc.",10746,Intelli-School - Paradise Valley,Maricopa,Y,All,17.24
2021,4334,"International Commerce Secondary Schools, Inc.",88232,International Commerce High School - Phoenix,Maricopa,Y,All,14.52
2021,4259,Isaac Elementary District,78934,Morris K. Udall Escuela de Bellas Artes,Maricopa,N,All,8.73
2021,4259,Isaac Elementary District,5243,Pueblo Del Sol Middle School,Maricopa,N,All,10.07
2021,4445,J O Combs Unified School District,89859,Combs High School,Pinal,N,All,4.96
2021,4445,J O Combs Unified School District,5928,J. O. Combs Middle School,Pinal,N,All,3.11
2021,79475,James Sandoval Preparatory High School,79476,Crown Point High School,Maricopa,Y,All,28.26
2021,4342,Kaizen Education Foundation dba El Dorado High School,92246,Glenview College Preparatory High School,Maricopa,Y,All,2.59
2021,4342,Kaizen Education Foundation dba El Dorado High School,78899,Kaizen Education Foundation dba El Dorado High School,Maricopa,Y,All,27.38
2021,79882,Kaizen Education Foundation dba Maya High School,10748,Kaizen Education Foundation dba Maya High School,Maricopa,Y,All,30.54
2021,90548,Kaizen Education Foundation dba Mission Heights Preparatory High School,91158,Mission Heights Preparatory High School,Maricopa,Y,All,4.08
2021,79880,Kaizen Education Foundation dba Skyview High School,6350,Skyview High School,Pima,Y,All,23.67
2021,78965,Kaizen Education Foundation dba South Pointe Junior High School,79178,South Pointe Junior High School,Maricopa,Y,All,6.04
2021,79876,Kaizen Education Foundation dba Summit High School,10749,Kaizen Education Foundation dba Summit High School,Maricopa,Y,All,31.85
2021,79878,Kaizen Education Foundation dba Tempe Accelerated High School,6349,Kaizen Education Foundation dba Quest High School,Maricopa,Y,All,30.58
2021,4396,Kayenta Unified School District #27,5641,Kayenta Middle School,Navajo,N,All,6.79
2021,4396,Kayenta Unified School District #27,5644,Monument Valley High School,Navajo,N,All,10.48
2021,79065,"Kestrel Schools, Inc.",79111,Valley Preparatory Academy,Yavapai,Y,All,26.83
2021,4383,Kingman Academy Of Learning,79373,Kingman Academy of Learning - High School,Mohave,Y,All,2.96
2021,79598,Kingman Unified School District,5595,Kingman High School,Mohave,N,All,12.24
2021,79598,Kingman Unified School District,5575,Kingman Middle School,Mohave,N,All,5.81
2021,79598,Kingman Unified School District,91772,Lee Williams High School,Mohave,N,All,7.39
2021,79598,Kingman Unified School District,88409,White Cliffs Middle School,Mohave,N,All,3.01
2021,4368,Lake Havasu Unified District,5565,Lake Havasu High School,Mohave,N,All,7.47
2021,4368,Lake Havasu Unified District,5560,Thunderbolt Middle School,Mohave,N,All,2.58
2021,79967,LEAD Charter Schools,91597,Leading Edge Academy Online,Maricopa,Y,All,5.43
2021,4216,Liberty High School,4878,Liberty High School,Gila,Y,All,11.82
2021,4281,Litchfield Elementary District,5395,Western Sky Middle School,Maricopa,N,All,2
2021,4281,Litchfield Elementary District,79221,Wigwam Creek Middle School,Maricopa,N,All,2
2021,4374,Littlefield Unified District,85821,Beaver Dam High School,Mohave,N,All,6.42
2021,4439,Mammoth-San Manuel Unified District,5904,San Manuel High School,Pinal,N,All,7.39
2021,4404,Marana Unified District,87083,Marana Distance Learning,Pima,N,All,10.47
2021,4404,Marana Unified District,5781,Marana High School,Pima,N,All,3.31
2021,4404,Marana Unified District,6279,MCAT High School,Pima,N,All,11.08
2021,4404,Marana Unified District,5782,Mountain View High School,Pima,N,All,2
2021,4234,Maricopa County Regional School District,969999,Hope College and Career Readiness Academy,Maricopa,N,All,24.17
2021,4441,Maricopa Unified School District,89911,Desert Wind Middle School,Pinal,N,All,4.86
2021,4441,Maricopa Unified School District,5910,Maricopa High School,Pinal,N,All,6.65
2021,4441,Maricopa Unified School District,5909,Maricopa Wells Middle School,Pinal,N,All,3.71
2021,4435,Mary C O'Brien Accommodation District,6067,Villa Oasis Interscholastic Center For Education (voice),Pinal,N,All,25.21
2021,4235,Mesa Unified District,4969,Carson Junior  High School,Maricopa,N,All,3.76
2021,4235,Mesa Unified District,4983,Dobson High School,Maricopa,N,All,6.85
2021,4235,Mesa Unified District,78932,East Valley Academy,Maricopa,N,All,25.67
2021,4235,Mesa Unified District,4971,Fremont Junior High School,Maricopa,N,All,2
2021,4235,Mesa Unified District,4970,Kino Junior High School,Maricopa,N,All,4.07
2021,4235,Mesa Unified District,78930,Mesa Distance Learning Program,Maricopa,N,All,4.12
2021,4235,Mesa Unified District,4980,Mesa High School,Maricopa,N,All,7.27
2021,4235,Mesa Unified District,4982,Mountain View High School,Maricopa,N,All,3.5
2021,4235,Mesa Unified District,4973,Poston Junior High School,Maricopa,N,All,3.63
2021,4235,Mesa Unified District,4984,Red Mountain High School,Maricopa,N,All,2.38
2021,4235,Mesa Unified District,4974,Rhodes Junior High School,Maricopa,N,All,3.49
2021,4235,Mesa Unified District,4977,Shepherd Junior High School,Maricopa,N,All,3.18
2021,4235,Mesa Unified District,78917,Skyline High School,Maricopa,N,All,5.19
2021,4235,Mesa Unified District,79489,Smith Junior High School,Maricopa,N,All,2.17
2021,4235,Mesa Unified District,90753,Summit Academy,Maricopa,N,All,2
2021,4235,Mesa Unified District,4975,Taylor Junior High School,Maricopa,N,All,2.57
2021,4235,Mesa Unified District,4981,Westwood High School,Maricopa,N,All,8.81
2021,4211,Miami Unified District,4869,Miami Junior Senior High School,Gila,N,All,3.6
2021,4211,Miami Unified District,1001177,Miami Virtual Program,Gila,N,All,5.28
2021,4488,Mingus Union High School District,6127,Mingus Union High School,Yavapai,N,All,5.56
2021,10879,"Mountain Rose Academy, Inc.",10885,Mountain Rose Academy,Pima,Y,All,27.73
2021,4386,Navajo County Accommodation District #99,7654,Navajo County Instruction for Success (NCIS),Navajo,N,All,34.15
2021,1000165,"New Horizon High School, Inc.",1000282,Providence High School,Maricopa,Y,All,30.99
2021,4457,Nogales Unified District,5962,Nogales High School,Santa Cruz,N,All,2.81
2021,4457,Nogales Unified District,91269,NUSD Online,Santa Cruz,N,All,27.78
2021,4457,Nogales Unified District,5961,Pierson High School,Santa Cruz,N,All,7.1
2021,79701,"North Star Charter School, Inc.",79702,Arizona Preparatory Academy,Maricopa,Y,All,35.1
2021,79881,"Nosotros, Inc",79899,Nosotros Academy,Pima,Y,All,19.32
2021,4323,"Ombudsman Educational Services, Ltd.,a subsidiary of Educational Services of Ame",5493,Ombudsman - Charter East,Maricopa,Y,All,24.87
2021,4323,"Ombudsman Educational Services, Ltd.,a subsidiary of Educational Services of Ame",89440,Ombudsman - Charter East II,Maricopa,Y,All,23.58
2021,4323,"Ombudsman Educational Services, Ltd.,a subsidiary of Educational Services of Ame",78814,Ombudsman - Charter Metro,Maricopa,Y,All,25.67
2021,4323,"Ombudsman Educational Services, Ltd.,a subsidiary of Educational Services of Ame",79174,Ombudsman - Charter Northeast,Maricopa,Y,All,10.16
2021,4323,"Ombudsman Educational Services, Ltd.,a subsidiary of Educational Services of Ame",80026,Ombudsman - Charter Northwest,Maricopa,Y,All,26.73
2021,4323,"Ombudsman Educational Services, Ltd.,a subsidiary of Educational Services of Ame",89827,Ombudsman - Charter Valencia,Maricopa,Y,All,12.61
2021,4323,"Ombudsman Educational Services, Ltd.,a subsidiary of Educational Services of Ame",10737,Ombudsman - Charter West,Maricopa,Y,All,24.17
2021,4262,Osborn Elementary District,5280,Osborn Middle School,Maricopa,N,All,4.01
2021,79068,"PACE Preparatory Academy, Inc.",79108,PACE Preparatory Academy,Yavapai,Y,All,13.17
2021,4196,Page Unified District,92913,Manson Mesa High School,Coconino,N,All,42.86
2021,4196,Page Unified District,4832,Page High School,Coconino,N,All,8.48
2021,4196,Page Unified District,4831,Page Middle School,Coconino,N,All,4.35
2021,79578,Pan-American Elementary Charter,79579,Pan-American Charter School,Maricopa,Y,All,2.9
2021,4241,Paradise Valley Unified District,5106,Horizon High School,Maricopa,N,All,2
2021,4241,Paradise Valley Unified District,5107,North Canyon High School,Maricopa,N,All,3.55
2021,4241,Paradise Valley Unified District,5105,Paradise Valley High School,Maricopa,N,All,3
2021,4241,Paradise Valley Unified District,90782,pvONLINE,Maricopa,N,All,4.41
2021,4241,Paradise Valley Unified District,5108,Shadow Mountain High School,Maricopa,N,All,2.32
2021,4241,Paradise Valley Unified District,92611,Sweetwater Community School,Maricopa,N,All,6.81
2021,4510,Parker Unified School District,80408,Parker Alternative School,La Paz,N,All,20.59
2021,4510,Parker Unified School District,6197,Parker High School,La Paz,N,All,6.22
2021,79953,"PAS Charter, Inc., dba Intelli-School",5530,Intelli-School - Metro Center,Maricopa,Y,All,15.34
2021,79953,"PAS Charter, Inc., dba Intelli-School",90208,Intelli-School Glendale,Maricopa,Y,All,17.42
2021,92983,"Pathways In Education-Arizona, Inc.",850102,Pathways in Education,Maricopa,Y,All,17.67
2021,4209,Payson Unified District,91196,Payson Center for Success - Online,Gila,N,All,11.81
2021,4209,Payson Unified District,10822,Payson Center for Success High School,Gila,N,All,9.55
2021,4209,Payson Unified District,4860,Payson High School,Gila,N,All,3.74
2021,4237,Peoria Unified School District,5014,Cactus High School,Maricopa,N,All,2.15
2021,4237,Peoria Unified School District,5016,Centennial High School,Maricopa,N,All,2
2021,4237,Peoria Unified School District,5015,Ironwood High School,Maricopa,N,All,2
2021,4237,Peoria Unified School District,87520,Liberty High School,Maricopa,N,All,2
2021,4237,Peoria Unified School District,6231,Peoria Flex Academy,Maricopa,N,All,13.82
2021,4237,Peoria Unified School District,5013,Peoria High School,Maricopa,N,All,2
2021,4237,Peoria Unified School District,85835,Raymond S. Kellis,Maricopa,N,All,2
2021,4237,Peoria Unified School District,5017,Sunrise Mountain High School,Maricopa,N,All,2
2021,6379,Phoenix School of Academic Excellence The,10814,"Learning Institute, The",Maricopa,Y,All,22.73
2021,4286,Phoenix Union High School District,5436,Alhambra High School,Maricopa,N,All,6.49
2021,4286,Phoenix Union High School District,89571,Betty Fairfax High School,Maricopa,N,All,4.13
2021,4286,Phoenix Union High School District,6249,Bostrom Alternative Center,Maricopa,N,All,25.24
2021,4286,Phoenix Union High School District,5438,Camelback High School,Maricopa,N,All,4.15
2021,4286,Phoenix Union High School District,5440,Carl Hayden High School,Maricopa,N,All,5.88
2021,4286,Phoenix Union High School District,5439,Central High School,Maricopa,N,All,6.01
2021,4286,Phoenix Union High School District,78847,Cesar Chavez High School,Maricopa,N,All,2.59
2021,4286,Phoenix Union High School District,79617,Linda Abril Educational Academy,Maricopa,N,All,28.6
2021,4286,Phoenix Union High School District,5441,Maryvale High School,Maricopa,N,All,6.36
2021,4286,Phoenix Union High School District,5442,North High School,Maricopa,N,All,5.05
2021,4286,Phoenix Union High School District,875776,PXU Digital Academy,Maricopa,N,All,11.69
2021,4286,Phoenix Union High School District,5443,South Mountain High School,Maricopa,N,All,6.38
2021,4286,Phoenix Union High School District,5437,Trevor Browne High School,Maricopa,N,All,7.22
2021,4420,Pima County,6057,Pima Vocational High School,Pima,Y,All,27.19
2021,90536,Pima Prevention Partnership,90907,Arizona Collegiate High School,Pima,Y,All,27.96
2021,79959,"Pima Prevention Partnership dba Pima Partnership School, The",79960,"Pima Partnership School, The",Pima,Y,All,26.98
2021,90997,"Pima Rose Academy, Inc.",90998,Pima Rose Academy,Pima,Y,All,18.79
2021,4220,Pima Unified District,92296,Gila Valley Learning Center,Graham,N,All,24
2021,4220,Pima Unified District,81056,Pima Junior High School,Pima,N,All,8.81
2021,81011,"Pinnacle Education-Casa Grande, Inc.",10750,Pinnacle High School - Casa Grande,Pinal,Y,All,36.36
2021,81009,"Pinnacle Education-Kino, Inc.",79621,Pinnacle Charter High School,Santa Cruz,Y,All,25.35
2021,81001,"Pinnacle Education-Tempe, Inc.",5463,Pinnacle High School - Tempe,Maricopa,Y,All,27.87
2021,81001,"Pinnacle Education-Tempe, Inc.",81180,Pinnacle Online High School,Maricopa,Y,All,37.39
2021,79439,"Pinnacle Education-WMCB, Inc.",289884,Pinnacle Online - WMCB,Maricopa,Y,All,31.28
2021,4390,Pinon Unified District,5612,Pinon Accelerated Middle School,Navajo,N,All,10.05
2021,4390,Pinon Unified District,5613,Pinon High School,Navajo,N,All,6.61
2021,87405,"Portable Practical Educational Preparation, Inc. (PPEP, Inc.)",91830,Arizona Insight Academy,Maricopa,Y,All,12.73
2021,87405,"Portable Practical Educational Preparation, Inc. (PPEP, Inc.)",79705,Arizona Virtual Academy,Pima,Y,All,6.63
2021,4431,"Portable Practical Educational Preparation, Inc. (PPEP, Inc.)",5876,PPEP TEC - Alice S. Paul Learning Center,Pinal,Y,All,47.54
2021,4431,"Portable Practical Educational Preparation, Inc. (PPEP, Inc.)",5873,PPEP TEC - Celestino Fernandez Learning Center,Pima,Y,All,39.84
2021,4431,"Portable Practical Educational Preparation, Inc. (PPEP, Inc.)",5878,PPEP TEC - Cesar Chavez Learning Center,Pima,Y,All,12.84
2021,4431,"Portable Practical Educational Preparation, Inc. (PPEP, Inc.)",5880,PPEP TEC - Colin L. Powell Learning Center,Cochise,Y,All,28.29
2021,4431,"Portable Practical Educational Preparation, Inc. (PPEP, Inc.)",5879,PPEP TEC - Jose Yepez Learning Center,Yuma,Y,All,26.05
2021,4431,"Portable Practical Educational Preparation, Inc. (PPEP, Inc.)",5877,PPEP TEC - Raul H. Castro Learning Center,Cochise,Y,All,14.36
2021,79569,Premier Charter High School,79570,Premier Charter High School,Maricopa,Y,All,30.38
2021,4466,Prescott Unified District,8135,Prescott High School,Yavapai,N,All,8.16
2021,4466,Prescott Unified District,8133,Prescott Mile High Middle School,Yavapai,N,All,3.41
2021,4245,Queen Creek Unified District,5141,Queen Creek High School,Maricopa,N,All,2
2021,4245,Queen Creek Unified District,5140,Queen Creek Junior High School,Maricopa,N,All,2.42
2021,4159,Red Mesa Unified District,4741,Red Mesa High School,Apache,N,All,12.82
2021,4155,Round Valley Unified District,4721,Round Valley High School,Apache,N,All,3.04
2021,4449,Sacaton Elementary District,5944,Sacaton Middle School,Pinal,N,All,23.13
2021,4254,Saddle Mountain Unified School District,5192,Ruth Fisher Middle School,Maricopa,N,All,2.76
2021,4254,Saddle Mountain Unified School District,85819,Tonopah Valley High School,Maricopa,N,All,2.67
2021,4218,Safford Unified District,216045,Henry Dunkerson Pathways Academy,Graham,N,All,24.3
2021,4218,Safford Unified District,4885,Mt Graham High School,Graham,N,All,11.64
2021,4218,Safford Unified District,4884,Safford High School,Graham,N,All,2.28
2021,4218,Safford Unified District,4883,Safford Middle School,Graham,N,All,3.69
2021,4411,Sahuarita Unified District,5843,Sahuarita High School,Pima,N,All,4.97
2021,4411,Sahuarita Unified District,5842,Sahuarita Middle School,Pima,N,All,3.21
2021,4411,Sahuarita Unified District,90824,Walden Grove High School,Pima,N,All,3.53
2021,4320,Salt River Pima-Maricopa  Community Schools,90159,Salt River Accelerated Learning Academy,Maricopa,Y,All,50.46
2021,4210,San Carlos Unified District,89776,San Carlos Alternative High School,Gila,N,All,28.69
2021,4210,San Carlos Unified District,1000382,San Carlos Middle School,Gila,N,All,17.6
2021,89798,"San Tan Montessori School, Inc.",89799,San Tan Charter School,Maricopa,Y,All,2.68
2021,4156,Sanders Unified District,4723,Sanders Middle School,Apache,N,All,15.33
2021,4156,Sanders Unified District,4724,Valley High School,Apache,N,All,16.22
2021,4458,Santa Cruz Valley Unified District,5966,Rio Rico High School,Santa Cruz,N,All,3.02
2021,4454,Santa Cruz Valley Union High School District,90415,Santa Cruz Center for Success,Pinal,N,All,39.47
2021,4454,Santa Cruz Valley Union High School District,5951,Santa Cruz Valley Union High School,Pinal,N,All,5
2021,79951,"SC Jensen Corporation, Inc. dba Intelli-School",79952,Intelli-School,Maricopa,Y,All,26.92
2021,4240,Scottsdale Unified District,5066,Arcadia High School,Maricopa,N,All,2.42
2021,4240,Scottsdale Unified District,5069,Chaparral High School,Maricopa,N,All,2
2021,4240,Scottsdale Unified District,5067,Coronado High School,Maricopa,N,All,3.81
2021,4240,Scottsdale Unified District,5070,Desert Mountain High School,Maricopa,N,All,2
2021,4240,Scottsdale Unified District,5063,Mountainside Middle School,Maricopa,N,All,2.49
2021,4240,Scottsdale Unified District,5068,Saguaro High School,Maricopa,N,All,2
2021,4240,Scottsdale Unified District,91286,Scottsdale Online Learning,Maricopa,N,All,2
2021,4240,Scottsdale Unified District,5047,Tonalea K-8,Maricopa,N,All,3.55
2021,4467,Sedona-Oak Creek JUSD #9,6085,Sedona Red Rock Junior/Senior High School,Yavapai,N,All,3.62
2021,4393,Show Low Unified District,5632,Show Low High School,Navajo,N,All,3.15
2021,4393,Show Low Unified District,91203,WMI ON LINE,Navajo,N,All,29.66
2021,4175,Sierra Vista Unified District,4783,Buena High School,Cochise,N,All,3.16
2021,4175,Sierra Vista Unified District,4781,Joyce Clark Middle School,Cochise,N,All,2
2021,79084,"Skyline Schools, Inc.",79092,Skyline Prep High School,Maricopa,Y,All,9.13
2021,4391,Snowflake Unified District,5618,Snowflake High School,Navajo,N,All,3.03
2021,79000,"Southern Arizona Community Academy, Inc.",79028,Southern Arizona Community Academy,Pima,Y,All,10.37
2021,92043,Southwest Leadership Academy,92044,Southwest Leadership Academy,Maricopa,Y,All,14.5
2021,4153,St Johns Unified District,89607,St. Johns Learning Center,Apache,N,All,39.29
2021,91992,StrengthBuilding Partners,92497,Las Puertas Community School,Pima,Y,All,13.58
2021,4407,Sunnyside Unified District,5809,Apollo Middle School,Pima,N,All,2.8
2021,4407,Sunnyside Unified District,5824,Challenger Middle School,Pima,N,All,2
2021,4407,Sunnyside Unified District,5826,Desert View High School,Pima,N,All,7.67
2021,4407,Sunnyside Unified District,6288,STAR Academic High School,Pima,N,All,28.13
2021,4407,Sunnyside Unified District,5827,Sunnyside High School,Pima,N,All,5.56
2021,4407,Sunnyside Unified District,91829,Sunnyside Online Success Academy,Pima,N,All,2
2021,4440,Superior Unified School District,5907,Superior Junior/Senior High School,Pinal,N,All,10.05
2021,4258,Tempe School District,5231,Connolly Middle School,Maricopa,N,All,4.07
2021,4258,Tempe School District,5232,Fees College Preparatory Middle School,Maricopa,N,All,3.04
2021,4258,Tempe School District,5230,Gililland Middle School,Maricopa,N,All,3.29
2021,4287,Tempe Union High School District,5450,Compadre High School,Maricopa,N,All,26.55
2021,4287,Tempe Union High School District,5447,Corona Del Sol High School,Maricopa,N,All,2
2021,4287,Tempe Union High School District,5449,Desert Vista High School,Maricopa,N,All,2
2021,4287,Tempe Union High School District,5446,Marcos De Niza High School,Maricopa,N,All,3.14
2021,4287,Tempe Union High School District,5445,Mcclintock High School,Maricopa,N,All,2.02
2021,4287,Tempe Union High School District,5448,Mountain Pointe High School,Maricopa,N,All,2.07
2021,4287,Tempe Union High School District,87990,TAPBI,Maricopa,N,All,2.43
2021,4287,Tempe Union High School District,5444,Tempe High School,Maricopa,N,All,3.42
2021,4219,Thatcher Unified District,4889,Thatcher High School,Graham,N,All,2.52
2021,92976,Think Through Academy,1000047,Think Through Academy,Maricopa,Y,All,29.63
2021,4288,Tolleson Union High School District,85810,Copper Canyon High School,Maricopa,N,All,3.15
2021,4288,Tolleson Union High School District,80051,La Joya Community High School,Maricopa,N,All,4.74
2021,4288,Tolleson Union High School District,89908,Sierra Linda High School,Maricopa,N,All,4.23
2021,4288,Tolleson Union High School District,5452,Tolleson Union High School,Maricopa,N,All,2.43
2021,4288,Tolleson Union High School District,1000260,Tolleson Virtual High School,Maricopa,N,All,9.7
2021,4288,Tolleson Union High School District,90085,West Point High School,Maricopa,N,All,2
2021,4288,Tolleson Union High School District,5453,Westview High School,Maricopa,N,All,4.58
2021,4168,Tombstone Unified District,4751,Tombstone High School,Cochise,N,All,4.63
2021,4197,Tuba City Unified School District #15,4838,Tuba City High School,Coconino,N,All,16.04
2021,6374,Tucson Preparatory School,5892,Tucson Preparatory School,Pima,Y,All,32.3
2021,4403,Tucson Unified District,5750,Alice Vail Middle School,Pima,N,All,3.11
2021,4403,Tucson Unified District,5738,Booth-Fickett Math/Science Magnet School,Pima,N,All,6.9
2021,4403,Tucson Unified District,5756,Catalina High School,Pima,N,All,8.43
2021,4403,Tucson Unified District,85924,Catalina Online Learning Experience,Pima,N,All,6.6
2021,4403,Tucson Unified District,5757,Cholla High School,Pima,N,All,5.15
2021,4403,Tucson Unified District,5737,Doolen Middle School,Pima,N,All,6.85
2021,4403,Tucson Unified District,1001156,Innovation Tech High School,Pima,N,All,8.21
2021,4403,Tucson Unified District,5741,Magee Middle School,Pima,N,All,3.57
2021,4403,Tucson Unified District,5742,Mansfeld Middle Magnet School,Pima,N,All,3.01
2021,4403,Tucson Unified District,92239,Morgan Maxwell School,Pima,N,All,8.84
2021,4403,Tucson Unified District,5758,Palo Verde High Magnet School,Pima,N,All,8.85
2021,4403,Tucson Unified District,5745,Pistor Middle School,Pima,N,All,2
2021,4403,Tucson Unified District,6264,Project More High School,Pima,N,All,31.91
2021,4403,Tucson Unified District,5759,Pueblo High School,Pima,N,All,4.25
2021,4403,Tucson Unified District,5760,Rincon High School,Pima,N,All,7.56
2021,4403,Tucson Unified District,5744,Roberts Naylor,Pima,N,All,7.66
2021,4403,Tucson Unified District,5761,Sabino High School,Pima,N,All,2.45
2021,4403,Tucson Unified District,5762,Sahuaro High School,Pima,N,All,2.6
2021,4403,Tucson Unified District,5763,Santa Rita High School,Pima,N,All,8.38
2021,4403,Tucson Unified District,5747,Secrist Middle School,Pima,N,All,5.84
2021,4403,Tucson Unified District,6272,Teenage Parent Program - TAPP,Pima,N,All,21.43
2021,4403,Tucson Unified District,5764,Tucson Magnet High School,Pima,N,All,4.37
2021,4403,Tucson Unified District,5766,University High School,Pima,N,All,2
2021,4403,Tucson Unified District,5751,Valencia Middle School,Pima,N,All,6.91
2021,4422,Tucson Youth Development/ACE Charter High School,5861,Alternative Computerized Education (ACE) Charter High School,Pima,Y,All,41.22
2021,4413,Vail Unified District,91292,Andrada Polytechnic High School,Pima,N,All,2
2021,4413,Vail Unified District,79721,Cienega High School,Pima,N,All,2
2021,4413,Vail Unified District,84665,Pantano High School,Pima,N,All,17.92
2021,4413,Vail Unified District,90845,Vail Innovation Center,Pima,N,All,2
2021,4260,Washington Elementary School District,5249,Cholla Middle School,Maricopa,N,All,2
2021,4260,Washington Elementary School District,5259,Mountain Sky Middle School,Maricopa,N,All,2.55
2021,4260,Washington Elementary School District,5260,Mountain View Elementary School,Maricopa,N,All,4.88
2021,4260,Washington Elementary School District,5263,Palo Verde Middle School,Maricopa,N,All,2.06
2021,4394,Whiteriver Unified District,5637,Alchesay High School,Navajo,N,All,21.25
2021,4394,Whiteriver Unified District,5635,Canyon Day Junior High School,Navajo,N,All,12.34
2021,4236,Wickenburg Unified District,4987,Wickenburg High School,Maricopa,N,All,6.7
2021,4170,Willcox Unified District,4757,Willcox High School,Cochise,N,All,4.23
2021,4154,Window Rock Unified District,4717,Window Rock High School,Apache,N,All,4.61
2021,4387,Winslow Unified District,5604,Winslow High School,Navajo,N,All,6.07
2021,4387,Winslow Unified District,5603,Winslow Junior High School,Navajo,N,All,7.94
2021,79379,Yavapai Accommodation School District,91815,Aspire  High School,Yavapai,N,All,23.36
2021,79379,Yavapai Accommodation School District,79380,Yavapai County High School,Yavapai,N,All,21.82
2021,4499,Yuma Elementary District,6163,Castle Dome Middle School,Yuma,N,All,2.31
2021,4499,Yuma Elementary District,6160,Fourth Avenue Junior High School,Yuma,N,All,4.78
2021,4499,Yuma Elementary District,6161,Gila Vista Jr High School,Yuma,N,All,3.42
2021,4499,Yuma Elementary District,6162,R Pete Woodard Jr High School,Yuma,N,All,2.64
2021,4499,Yuma Elementary District,85840,Ron Watson Middle School,Yuma,N,All,7.86
2021,4509,"Yuma Private Industry Council, Inc.",6193,Educational Opportunity Center,Yuma,Y,All,18.75
2021,4507,Yuma Union High School District,6191,Cibola High School,Yuma,N,All,2.94
2021,4507,Yuma Union High School District,89576,Gila Ridge High School,Yuma,N,All,2.4
2021,4507,Yuma Union High School District,6190,Kofa High School,Yuma,N,All,2.57
2021,4507,Yuma Union High School District,80409,San Luis High School,Yuma,N,All,2
2021,4507,Yuma Union High School District,6302,Vista High School,Yuma,N,All,21.69
2021,4507,Yuma Union High School District,6189,Yuma High School,Yuma,N,All,2.45